Div,Date,Time,HomeTeam,AwayTeam,FTHG,FTAG,FTR,HTHG,HTAG,HTR,Referee,HS,AS,HST,AST,HF,AF,HC,AC,HY,AY,HR,AR,B365H,B365D,B365A,BWH,BWD,BWA,BFH,BFD,BFA,PSH,PSD,PSA,WHH,WHD,WHA,1XBH,1XBD,1XBA,MaxH,MaxD,MaxA,AvgH,AvgD,AvgA,BFEH,BFED,BFEA,B365>2.5,B365<2.5,P>2.5,P<2.5,Max>2.5,Max<2.5,Avg>2.5,Avg<2.5,BFE>2.5,BFE<2.5,AHh,B365AHH,B365AHA,PAHH,PAHA,MaxAHH,MaxAHA,AvgAHH,AvgAHA,BFEAHH,BFEAHA,B365CH,B365CD,B365CA,BWCH,BWCD,BWCA,BFCH,BFCD,BFCA,PSCH,PSCD,PSCA,WHCH,WHCD,WHCA,1XBCH,1XBCD,1XBCA,MaxCH,MaxCD,MaxCA,AvgCH,AvgCD,AvgCA,BFECH,BFECD,BFECA,B365C>2.5,B365C<2.5,PC>2.5,PC<2.5,MaxC>2.5,MaxC<2.5,AvgC>2.5,AvgC<2.5,BFEC>2.5,BFEC<2.5,AHCh,B365CAHH,B365CAHA,PCAHH,PCAHA,MaxCAHH,MaxCAHA,AvgCAHH,AvgCAHA,BFECAHH,BFECAHA
E0,01/01/2025,17:30,Brentford,Arsenal,1,3,A,1,1,D,P Bankes,5,14,2,5,6,8,4,3,1,2,0,0,6.5,4.75,1.44,6.25,4.75,1.49,7,5,1.4,6.98,4.93,1.44,6,4.6,1.44,6.82,4.94,1.48,7.2,5,1.49,6.67,4.8,1.44,7.4,5.1,1.49,1.53,2.5,1.57,2.51,1.57,2.63,1.54,2.46,1.58,2.62,1.25,1.92,2.01,1.93,1.97,1.93,2.01,1.88,1.94,1.96,2.02,5.5,4.33,1.55,5.5,4.5,1.55,5.5,4.33,1.5,6,4.5,1.56,5.5,4.33,1.55,6,4.45,1.57,7.16,4.9,1.57,5.87,4.46,1.54,6.4,4.7,1.57,1.67,2.2,1.68,2.28,1.68,2.47,1.65,2.27,1.73,2.36,1.25,1.68,2.15,1.71,2.26,1.9,2.26,1.73,2.14,1.75,2.3
E0,04/01/2025,12:30,Tottenham,Newcastle,1,2,A,1,2,A,A Madley,13,14,4,4,11,15,9,10,1,4,0,0,2.88,3.8,2.25,2.85,3.9,2.25,2.9,3.9,2.2,2.97,4.06,2.22,2.8,3.9,2.25,3,4.06,2.24,3,4.06,2.31,2.88,3.94,2.24,3.05,4.1,2.3,1.33,3.4,1.35,3.29,1.35,3.47,1.32,3.31,1.37,3.6,0.25,1.9,2,1.94,1.96,1.94,2.03,1.87,1.95,1.96,2.02,3.9,4.5,1.73,3.8,4.4,1.77,3.9,4.6,1.75,3.9,4.69,1.79,3.8,4.4,1.75,3.77,4.62,1.82,3.9,4.69,1.94,3.81,4.5,1.79,4,4.8,1.82,1.25,4,1.35,3.29,1.3,4.14,1.27,3.82,1.3,4.2,0.75,1.95,1.98,1.94,1.98,1.95,2.02,1.88,1.97,1.97,2.02
E0,04/01/2025,15:00,Aston Villa,Leicester,2,1,H,0,0,D,J Gillett,13,4,5,2,10,11,7,2,0,1,0,0,1.33,5.5,8.5,1.33,5.5,9,1.3,5.5,10,1.32,5.64,9.41,1.33,5.5,8.5,1.34,5.86,9.35,1.35,5.86,10.5,1.32,5.51,9.16,1.35,5.9,10.5,1.5,2.63,1.5,2.65,1.53,2.75,1.5,2.58,1.53,2.78,-1.5,1.92,1.98,1.91,2,1.94,1.99,1.9,1.95,1.93,2.04,1.33,5.25,8.5,1.34,5.75,8,1.3,5.5,8.5,1.34,5.69,8.32,1.33,5.5,8.5,1.37,5.41,8.76,1.37,6,9.5,1.33,5.63,8.49,1.37,5.9,9.4,1.4,3,1.43,2.96,1.45,3.14,1.42,2.91,1.46,3.15,-1.5,1.94,1.99,1.95,1.97,1.95,2.01,1.89,1.96,1.97,2.02
E0,04/01/2025,15:00,Bournemouth,Everton,1,0,H,0,0,D,J Brooks,19,9,8,0,15,14,9,3,2,2,0,0,1.73,3.75,4.75,1.77,3.7,4.75,1.73,3.9,5,1.75,3.91,4.82,1.75,3.8,4.6,1.75,3.99,4.89,1.8,3.99,5,1.75,3.82,4.71,1.78,4,5.2,1.91,1.99,1.92,1.97,1.92,2.01,1.86,1.96,1.92,2.06,-0.75,1.99,1.91,1.97,1.93,2,1.93,1.95,1.87,1.99,1.99,1.67,3.8,5,1.7,3.8,5,1.67,3.75,5,1.7,3.97,5.23,1.7,3.75,5,1.72,3.92,5.16,1.72,4,5.25,1.69,3.86,5.1,1.73,4.1,5.4,1.86,2.07,1.85,2.07,1.9,2.09,1.82,2.02,1.9,2.1,-0.75,1.9,2.03,1.91,2.02,1.91,2.04,1.88,1.97,1.94,2.04
E0,04/01/2025,15:00,Crystal Palace,Chelsea,1,1,D,0,1,A,T Robinson,13,15,6,1,9,12,6,6,0,2,0,0,3.8,3.75,1.91,3.7,3.8,1.95,3.75,3.9,1.95,3.69,3.97,1.95,3.5,3.8,1.95,3.69,4.02,1.98,3.8,4.02,1.98,3.65,3.88,1.95,3.9,4,2,1.57,2.38,1.6,2.45,1.62,2.49,1.58,2.39,1.62,2.54,0.5,1.95,1.95,1.94,1.96,1.96,1.96,1.9,1.93,1.98,2,3.6,3.9,1.91,3.5,3.8,2,3.5,3.75,1.91,3.64,3.94,2,3.5,3.8,2,3.89,4,1.91,3.89,4,2.05,3.58,3.84,1.98,3.8,3.95,2.04,1.5,2.63,1.51,2.66,1.58,2.75,1.52,2.57,1.56,2.74,0.5,1.91,2.02,1.93,2.01,1.93,2.04,1.86,1.99,1.94,2.04
E0,04/01/2025,15:00,Man City,West Ham,4,1,H,2,0,H,M Salisbury,10,17,7,4,8,13,7,1,2,1,0,0,1.3,6.25,7.5,1.32,6,8.25,1.3,6,9,1.32,6.41,8.2,1.33,5.8,8,1.34,6.01,8.65,1.34,6.5,9,1.31,6.09,8.3,1.33,6.8,9.4,1.33,3.4,1.35,3.29,1.36,3.45,1.34,3.23,1.39,3.4,-1.5,1.8,2,1.85,2.06,1.86,2.07,1.83,2.02,1.87,2.11,1.22,7,9.5,1.24,7,10.5,1.2,6.5,10,1.26,7.24,10.79,1.25,6.5,10,1.28,7.21,9.27,1.31,7.24,12,1.24,6.97,10.25,1.26,7.6,12,1.29,3.75,1.32,3.48,1.32,3.8,1.3,3.59,1.33,4,-2,2.01,1.92,2.01,1.9,2.14,1.94,2.01,1.86,2.06,1.91
E0,04/01/2025,15:00,Southampton,Brentford,0,5,A,0,1,A,S Attwell,8,20,1,11,10,4,2,2,2,0,0,0,3,3.4,2.4,2.65,3.6,2.5,2.8,3.5,2.5,2.95,3.59,2.41,2.7,3.6,2.45,2.77,3.81,2.49,3,3.81,2.55,2.78,3.54,2.48,2.92,3.65,2.58,1.67,2.2,1.68,2.29,1.7,2.32,1.66,2.24,1.71,2.38,0.25,1.82,2.08,1.83,2.1,1.83,2.2,1.76,2.09,1.8,2.22,3.25,3.6,2.1,3.3,3.6,2.15,3.25,3.5,2.1,3.44,3.65,2.16,3.3,3.5,2.15,3.49,3.71,2.11,3.49,3.71,2.24,3.33,3.58,2.15,3.4,3.75,2.24,1.73,2.1,1.73,2.2,1.75,2.35,1.69,2.19,1.77,2.28,0.25,2.04,1.89,2.05,1.88,2.05,1.9,1.99,1.86,2.05,1.94
E0,04/01/2025,17:30,Brighton,Arsenal,1,1,D,0,1,A,A Taylor,11,9,4,3,17,14,2,5,2,3,0,0,4.33,3.75,1.8,4.4,4,1.75,4.5,3.9,1.75,4.62,3.7,1.82,4.2,3.8,1.8,4.28,4.01,1.84,4.7,4.01,1.84,4.36,3.83,1.8,4.7,4,1.83,1.73,2.1,1.79,2.1,1.8,2.26,1.73,2.12,1.76,2.28,0.75,1.84,2.06,1.84,2.08,1.85,2.08,1.82,2.01,1.91,2.06,5,3.6,1.75,4.75,3.5,1.8,4.5,3.5,1.8,4.93,3.68,1.8,4.5,3.5,1.83,5.45,3.59,1.76,5.45,3.8,1.85,4.74,3.59,1.81,5.1,3.75,1.84,2.05,1.88,2.02,1.88,2.05,2.13,1.97,1.87,2.08,1.91,0.75,1.88,2.05,1.88,2.05,1.92,2.08,1.83,2.02,1.89,2.1
E0,05/01/2025,14:00,Fulham,Ipswich,2,2,D,0,1,A,D Bond,15,7,4,3,10,14,9,2,1,5,0,0,1.55,4.2,5.75,1.55,4.4,5.75,1.57,4.33,5,1.56,4.46,5.71,1.57,4.2,5.5,1.6,4.41,5.75,1.6,4.46,6.25,1.56,4.34,5.68,1.59,4.5,6.2,1.73,2.1,1.72,2.2,1.76,2.22,1.7,2.15,1.76,2.24,-1,1.97,1.93,1.96,1.94,1.97,1.94,1.92,1.91,1.96,1.95,1.53,4.2,6,1.58,4.1,6,1.53,4,5,1.59,4.2,6.15,1.57,4,5.8,1.58,4.31,6.11,1.61,4.31,6.4,1.56,4.16,6.02,1.59,4.4,6.8,1.8,2,1.82,2.08,1.83,2.14,1.8,2.03,1.87,2.14,-1,1.96,1.97,1.96,1.96,1.99,1.99,1.94,1.92,2.01,1.98
E0,05/01/2025,16:30,Liverpool,Man United,2,2,D,0,0,D,M Oliver,19,13,6,4,10,13,6,9,2,4,0,0,1.29,6.25,8,1.29,6,9.5,1.25,6.5,10,1.29,6.14,9.37,1.3,5.8,9.5,1.29,6.26,10.7,1.3,6.5,11,1.29,6.05,9.49,1.31,6.6,11,1.44,2.75,1.43,2.88,1.44,3,1.41,2.86,1.45,3.1,-1.75,2.03,1.78,2.08,1.81,2.08,1.85,2,1.81,2.04,1.93,1.36,5.5,7.5,1.37,5.25,7.75,1.33,5,8,1.36,5.55,8.55,1.36,5,7.5,1.4,5.59,7.19,1.4,5.7,8.6,1.36,5.42,7.9,1.41,5.6,8.8,1.5,2.63,1.53,2.62,1.54,2.8,1.51,2.6,1.58,2.72,-1.5,2.01,1.92,2.02,1.91,2.1,1.93,2,1.86,2.07,1.92
E0,06/01/2025,20:00,Wolves,Nott'm Forest,0,3,A,0,2,A,P Bankes,13,11,6,3,10,8,5,3,1,2,0,0,3.3,3.2,2.3,3.1,3.3,2.35,3.25,3.2,2.25,3.44,3.22,2.31,3.2,3.2,2.3,3.34,3.3,2.36,3.44,3.35,2.42,3.22,3.22,2.33,3.4,3.4,2.4,2.1,1.73,2.09,1.8,2.1,1.85,2.04,1.78,2.16,1.84,0.25,1.91,1.99,1.93,1.97,1.93,2.02,1.85,1.96,1.95,2.04,3.9,3.5,1.95,3.9,3.4,2,3.75,3.3,2,4.01,3.54,2.01,3.8,3.4,2,4.18,3.58,1.95,4.18,3.58,2.22,3.86,3.46,2.01,4.1,3.6,2.06,1.87,2.03,1.87,2.04,2.1,2.1,1.86,1.98,1.93,2.06,0.5,1.88,2.02,1.91,2.02,1.91,2.06,1.85,2,1.92,2.06
E0,14/01/2025,19:30,Brentford,Man City,2,2,D,0,0,D,A Taylor,18,21,6,8,4,4,4,5,0,0,0,0,4.75,4.2,1.62,4.5,4.5,1.65,4.75,4.4,1.65,4.9,4.56,1.65,4.5,4.4,1.67,4.69,4.74,1.66,5.09,4.74,1.67,4.76,4.47,1.64,5.3,4.6,1.67,1.4,3,1.39,3.13,1.4,3.15,1.38,3.04,1.42,3.3,1,1.87,2.03,1.88,2.04,1.88,2.05,1.85,2,1.9,2.08,5.25,4.2,1.6,5,4.5,1.6,5,4.4,1.6,5.18,4.51,1.61,4.8,4.5,1.6,5.62,4.29,1.62,5.62,4.65,1.62,5.16,4.47,1.6,5.6,4.7,1.63,1.44,2.75,1.44,2.9,1.44,3.01,1.42,2.89,1.46,3.1,1,1.91,1.99,1.93,2,1.95,2.02,1.91,1.95,1.95,2.04
E0,14/01/2025,19:30,Chelsea,Bournemouth,2,2,D,1,0,H,R Jones,26,7,10,3,15,16,9,3,2,3,0,0,1.48,4.75,6,1.49,4.8,6,1.5,4.75,5.5,1.5,4.96,6.17,1.44,4.5,5.5,1.52,4.99,6.01,1.61,4.99,6.4,1.5,4.81,5.92,1.55,5,6.2,1.4,3,1.44,2.91,1.44,3,1.42,2.87,1.47,3.1,-1.25,2.02,1.88,2.03,1.9,2.14,1.9,2,1.83,2.09,1.9,1.5,4.75,5.25,1.53,4.6,5.5,1.5,4.75,5.5,1.54,4.8,5.71,1.5,4.4,5,1.54,4.92,5.63,1.57,4.95,6,1.52,4.75,5.54,1.56,5,6.2,1.4,3,1.44,2.89,1.44,3.14,1.41,2.95,1.46,3.1,-1,1.86,2.04,1.86,2.07,1.86,2.13,1.81,2.05,1.89,2.12
E0,14/01/2025,19:30,West Ham,Fulham,3,2,H,2,0,H,C Pawson,4,21,3,5,9,18,0,3,3,3,0,0,3,3.4,2.38,2.95,3.4,2.4,3,3.4,2.4,3.03,3.54,2.41,2.9,3.4,2.4,3.04,3.53,2.42,3.05,3.54,2.49,2.97,3.43,2.41,3.1,3.55,2.5,1.86,2.04,1.86,2.05,1.87,2.05,1.83,2.01,1.89,2.12,0.25,1.83,2.07,1.85,2.09,1.85,2.09,1.8,2.04,1.85,2.14,3,3.3,2.35,3.1,3.3,2.37,3.1,3.3,2.4,3.22,3.3,2.42,3,3.3,2.4,3.2,3.4,2.36,3.22,3.43,2.57,3.07,3.3,2.42,3.2,3.4,2.5,1.95,1.95,1.96,1.94,1.99,2,1.91,1.92,2,1.99,0.25,1.85,2.05,1.86,2.07,1.89,2.08,1.81,2.05,1.86,2.13
E0,14/01/2025,20:00,Nott'm Forest,Liverpool,1,1,D,1,0,H,C Kavanagh,6,23,3,7,7,10,0,9,2,1,0,0,5.25,4.1,1.62,5,4.1,1.66,5,4,1.65,5.28,4.24,1.65,4.8,4,1.67,5.14,4.38,1.66,5.4,4.38,1.67,5.14,4.16,1.64,5.6,4.3,1.68,1.62,2.3,1.66,2.33,1.68,2.36,1.63,2.3,1.68,2.44,1,1.75,2.05,1.83,2.11,1.83,2.11,1.79,2.06,1.83,2.16,5.25,4.1,1.62,5.25,4.2,1.61,5.5,4.1,1.57,5.7,4.3,1.62,5,4.2,1.62,5.36,4.19,1.65,5.7,4.35,1.67,5.37,4.2,1.61,5.9,4.4,1.64,1.62,2.3,1.64,2.44,1.64,2.49,1.59,2.41,1.64,2.54,1,1.86,2.04,1.88,2.04,1.89,2.06,1.85,2.01,1.94,2.04
E0,15/01/2025,19:30,Everton,Aston Villa,0,1,A,0,0,D,S Barrott,10,11,3,3,17,10,8,5,2,1,0,0,3.25,3.2,2.3,3.1,3.25,2.37,3.3,3.25,2.3,3.26,3.31,2.36,3.2,3.1,2.3,3.28,3.31,2.39,3.3,3.35,2.39,3.2,3.24,2.35,3.35,3.35,2.46,2.08,1.82,2.09,1.8,2.14,1.82,2.06,1.78,2.18,1.81,0.25,1.87,2.03,1.88,2.02,1.88,2.05,1.84,1.98,1.9,2.09,3.4,3.1,2.25,3.5,3.1,2.2,3.3,3,2.25,3.55,3.13,2.35,3.4,3.1,2.3,3.63,3.19,2.26,3.63,3.21,2.35,3.48,3.11,2.29,3.55,3.25,2.42,2.3,1.62,2.35,1.65,2.35,1.69,2.26,1.66,2.38,1.72,0.25,1.97,1.96,1.93,1.99,1.97,2,1.92,1.93,1.94,2.04
E0,15/01/2025,19:30,Leicester,Crystal Palace,0,2,A,0,0,D,A Madley,21,9,4,4,7,6,4,3,0,0,0,0,3.9,3.6,1.91,3.75,3.7,1.95,3.9,3.7,1.95,4.01,3.76,1.93,3.75,3.7,1.95,3.96,3.94,1.93,4.01,3.94,1.96,3.88,3.73,1.92,4,3.85,2,1.73,2.1,1.76,2.15,1.78,2.16,1.74,2.11,1.79,2.22,0.5,1.97,1.93,1.97,1.93,1.97,1.94,1.92,1.91,1.98,2.01,3.8,3.7,1.91,3.9,3.6,1.95,3.9,3.6,1.91,4.07,3.63,1.97,3.8,3.5,1.95,3.9,3.79,1.96,4.1,3.79,2,3.93,3.61,1.95,4,3.85,2,1.9,2,1.91,1.99,1.91,2.1,1.84,2,1.91,2.08,0.5,1.94,1.99,1.94,1.98,1.95,1.99,1.9,1.95,1.98,2
E0,15/01/2025,19:30,Newcastle,Wolves,3,0,H,1,0,H,D England,17,13,5,7,10,13,4,2,0,2,0,0,1.36,5.5,8,1.36,5.5,7.75,1.33,5.5,8.5,1.36,5.73,7.91,1.36,5,7.5,1.38,5.66,8.15,1.38,5.9,9,1.35,5.54,8.08,1.37,5.9,9.4,1.44,2.75,1.42,2.93,1.44,2.94,1.42,2.82,1.48,2.98,-1.5,1.95,1.95,1.94,1.96,1.97,2.03,1.91,1.93,2,1.96,1.36,5,7.5,1.4,5.25,7.25,1.33,5,8,1.37,5.4,8.5,1.4,5,7.5,1.39,5.26,8.18,1.4,5.6,8.73,1.37,5.26,7.88,1.42,5.5,8.6,1.5,2.63,1.51,2.66,1.53,2.75,1.49,2.65,1.57,2.74,-1.5,2.08,1.85,2.09,1.85,2.09,1.9,2.03,1.84,2.14,1.86
E0,15/01/2025,20:00,Arsenal,Tottenham,2,1,H,2,1,H,S Hooper,14,10,4,2,16,9,10,4,3,1,0,0,1.4,5.25,7,1.41,5.25,6.25,1.4,5,7,1.4,5.54,6.88,1.4,5,7,1.43,5.35,7.23,1.43,5.6,7.23,1.4,5.29,6.86,1.45,5.5,7.6,1.44,2.75,1.43,2.92,1.44,2.92,1.43,2.8,1.47,3,-1.25,1.85,2.05,1.85,2.06,1.86,2.06,1.83,1.99,1.91,2.03,1.36,5.5,7.5,1.4,5.25,6.25,1.36,5,7.5,1.38,5.35,8.2,1.36,5,7.5,1.4,5.59,7.3,1.41,5.75,8.2,1.38,5.31,7.55,1.42,5.5,8.2,1.5,2.63,1.54,2.6,1.58,2.7,1.52,2.57,1.56,2.76,-1.25,1.87,2.06,1.85,2.09,1.9,2.14,1.81,2.04,1.89,2.09
E0,16/01/2025,19:30,Ipswich,Brighton,0,2,A,0,0,D,T Harrington,5,11,3,5,13,14,1,9,2,2,0,0,3.9,3.7,1.91,3.9,3.75,1.9,3.8,3.7,1.95,3.84,3.78,1.96,3.75,3.75,1.91,3.85,3.92,1.96,3.9,3.92,1.98,3.8,3.73,1.94,4,3.8,2.02,1.73,2.1,1.73,2.2,1.75,2.28,1.71,2.15,1.76,2.26,0.5,1.95,1.95,1.93,1.97,1.98,1.97,1.91,1.93,1.96,2.02,3.7,3.6,1.95,3.75,3.6,1.98,3.75,3.6,1.91,3.94,3.75,1.97,3.75,3.6,1.95,3.81,3.7,2.01,3.95,3.8,2.03,3.81,3.66,1.97,4,3.85,2.02,1.8,2,1.79,2.12,1.85,2.14,1.77,2.09,1.85,2.16,0.5,1.94,1.99,1.94,1.98,1.95,1.99,1.89,1.96,1.97,2.02
E0,16/01/2025,20:00,Man United,Southampton,3,1,H,0,1,A,J Brooks,23,13,9,5,7,10,5,4,1,3,0,0,1.29,6,9.5,1.3,6,9.25,1.3,5.5,9.5,1.31,5.97,9.23,1.3,5.5,9.5,1.33,5.86,9.95,1.33,6,10.5,1.3,5.79,9.4,1.32,6.4,11,1.53,2.5,1.55,2.57,1.55,2.63,1.52,2.52,1.55,2.7,-1.5,1.9,2,1.92,1.99,1.92,2,1.87,1.97,1.9,2.03,1.27,6,10,1.27,6,10.5,1.25,5.5,11,1.29,6.1,11,1.29,5.8,10,1.3,6.16,9.91,1.31,6.2,12,1.28,5.94,10.77,1.32,6.2,11.5,1.57,2.38,1.58,2.47,1.58,2.53,1.56,2.46,1.62,2.6,-1.75,2.05,1.88,2.04,1.87,2.07,1.88,2.02,1.83,2.09,1.9
E0,18/01/2025,12:30,Newcastle,Bournemouth,1,4,A,1,2,A,S Attwell,13,19,5,10,7,18,7,6,1,6,0,0,1.62,4.2,5,1.65,4.2,4.8,1.62,4.2,5,1.65,4.33,4.99,1.65,4.2,4.8,1.67,4.49,4.89,1.67,4.49,5.2,1.64,4.3,4.93,1.69,4.4,5.4,1.53,2.5,1.56,2.54,1.56,2.54,1.54,2.47,1.61,2.6,-0.75,1.78,2.03,1.81,2.08,1.83,2.09,1.77,2.05,1.86,2.14,1.65,4.2,5,1.62,4.33,5,1.62,4.1,5,1.66,4.25,5.2,1.62,4.2,4.8,1.65,4.25,5.3,1.67,4.4,5.5,1.64,4.23,5.05,1.69,4.4,5.4,1.53,2.5,1.54,2.61,1.54,2.77,1.51,2.61,1.56,2.76,-1,2.05,1.75,2.07,1.86,2.13,1.89,2.04,1.81,2.14,1.86
E0,18/01/2025,15:00,Brentford,Liverpool,0,2,A,0,0,D,A Madley,11,37,6,8,6,14,2,15,2,3,0,0,6.5,5,1.42,6,5.25,1.46,6.5,5,1.4,6.49,5.33,1.43,6,5,1.44,6.42,5.3,1.47,7,5.35,1.49,6.43,5.15,1.43,7.2,5.5,1.46,1.36,3.2,1.36,3.25,1.37,3.35,1.35,3.16,1.39,3.4,1.25,2.01,1.89,2.03,1.88,2.03,1.89,1.97,1.85,2.03,1.92,5.75,5,1.48,5.75,5,1.47,6,4.75,1.44,6.33,5,1.49,5.8,4.8,1.44,6.15,5.12,1.49,6.5,5.3,1.53,6.04,4.97,1.48,6.8,5.3,1.49,1.33,3.4,1.35,3.36,1.35,3.56,1.33,3.36,1.37,3.65,1.25,1.91,1.99,1.94,1.98,1.94,2.02,1.91,1.94,1.98,1.99
E0,18/01/2025,15:00,Leicester,Fulham,0,2,A,0,0,D,M Salisbury,8,17,4,2,8,8,5,2,3,1,0,0,4.33,3.7,1.8,4,3.7,1.9,4.33,3.75,1.85,4.38,3.91,1.81,3.9,3.75,1.85,4.23,4,1.86,4.4,4.05,1.9,4.17,3.81,1.84,4.5,3.9,1.91,1.73,2.1,1.73,2.2,1.76,2.22,1.71,2.14,1.8,2.22,0.5,2.07,1.83,2.09,1.81,2.08,1.87,2.01,1.82,2.08,1.91,4.5,3.7,1.8,4.5,3.8,1.78,4.33,3.7,1.75,4.65,3.79,1.81,4.33,3.75,1.8,4.57,3.76,1.83,4.7,3.85,1.86,4.5,3.74,1.8,4.7,4,1.84,1.84,2.06,1.85,2.06,1.85,2.11,1.8,2.05,1.87,2.14,0.75,1.85,2.05,1.87,2.06,1.88,2.06,1.83,2.03,1.9,2.09
E0,18/01/2025,15:00,West Ham,Crystal Palace,0,2,A,0,0,D,T Bramall,7,12,0,7,13,10,2,4,1,0,1,0,2.6,3.5,2.63,2.55,3.4,2.7,2.63,3.4,2.7,2.65,3.49,2.7,2.62,3.3,2.62,2.71,3.44,2.73,2.71,3.53,2.75,2.62,3.41,2.69,2.74,3.5,2.82,1.8,2,1.79,2.1,1.83,2.1,1.79,2.04,1.84,2.14,0,1.92,1.98,1.93,1.97,1.95,1.99,1.91,1.94,1.95,2.04,2.75,3.3,2.55,2.75,3.25,2.65,2.75,3.1,2.6,2.86,3.32,2.66,2.8,3.1,2.62,2.72,3.39,2.72,2.86,3.39,2.72,2.78,3.26,2.64,2.94,3.35,2.74,2.06,1.84,2.06,1.85,2.11,1.95,2,1.84,2.1,1.89,0,2.02,1.88,2.04,1.89,2.04,1.93,1.99,1.88,2.07,1.92
E0,18/01/2025,17:30,Arsenal,Aston Villa,2,2,D,1,0,H,C Kavanagh,18,8,6,4,10,18,10,1,2,3,0,0,1.5,4.1,7,1.49,4.5,6.5,1.5,4.33,7,1.53,4.4,6.38,1.53,4.2,6,1.55,4.41,6.52,1.55,4.5,7,1.51,4.35,6.45,1.55,4.5,7.2,1.87,2.03,1.88,2.01,1.89,2.06,1.82,2.01,1.91,2.06,-1,1.87,2.03,1.91,2,1.91,2.03,1.87,1.97,1.94,2.04,1.53,4.1,6.25,1.57,4.2,5.75,1.53,3.9,6,1.57,4.35,6.1,1.57,4,5.8,1.59,4.2,6.04,1.65,4.35,6.4,1.57,4.14,6.06,1.6,4.4,6.4,1.73,2.1,1.76,2.14,2.03,2.2,1.77,2.08,1.82,2.2,-1,1.98,1.92,1.98,1.94,2.01,1.97,1.95,1.9,2.01,1.98
E0,19/01/2025,14:00,Everton,Tottenham,3,2,H,3,0,H,D England,12,11,6,6,14,14,3,8,2,1,0,0,2.8,3.5,2.45,2.87,3.5,2.4,2.8,3.5,2.5,2.97,3.45,2.46,2.88,3.6,2.38,2.97,3.77,2.36,3,3.77,2.5,2.91,3.51,2.41,2.9,3.7,2.56,1.67,2.2,1.74,2.18,1.74,2.25,1.69,2.19,1.76,2.28,0.25,1.82,2.08,1.84,2.08,1.82,2.08,1.79,2.03,1.8,2.21,2.5,3.3,2.8,2.5,3.3,2.85,2.6,3.4,2.75,2.56,3.51,2.85,2.5,3.3,2.8,2.72,3.39,2.72,2.72,3.55,2.85,2.57,3.39,2.79,2.64,3.55,2.9,1.87,2.03,1.88,2.02,1.88,2.1,1.84,2,1.91,2.08,0,1.85,2.08,1.86,2.07,1.91,2.08,1.85,2.02,1.9,2.09
E0,19/01/2025,14:00,Man United,Brighton,1,3,A,1,1,D,P Bankes,10,6,1,3,13,12,4,2,3,3,0,0,2.1,3.6,3.3,2.05,3.7,3.4,2.05,3.7,3.5,2.11,3.77,3.39,2.05,3.6,3.3,2.13,3.83,3.39,2.13,3.85,3.5,2.09,3.71,3.36,2.12,3.85,3.65,1.67,2.2,1.67,2.3,1.7,2.31,1.66,2.23,1.73,2.34,-0.25,1.85,2.05,1.85,2.07,1.85,2.07,1.8,2.02,1.84,2.15,2.25,3.4,3.1,2.3,3.3,3.2,2.3,3.4,3.2,2.34,3.45,3.25,2.3,3.3,3.1,2.29,3.5,3.24,2.35,3.5,3.35,2.31,3.4,3.18,2.38,3.5,3.35,1.8,2,1.83,2.08,1.84,2.13,1.79,2.05,1.84,2.16,-0.25,2.02,1.91,2.02,1.91,2.02,1.94,1.97,1.88,2.05,1.95
E0,19/01/2025,14:00,Nott'm Forest,Southampton,3,2,H,3,0,H,A Taylor,14,10,5,4,4,18,2,8,0,4,0,0,1.38,4.75,8,1.41,4.8,7.75,1.4,4.6,8,1.4,4.92,8.27,1.4,4.6,7.5,1.42,5,8.35,1.42,5.1,8.5,1.39,4.86,8.03,1.44,5.1,8.6,1.73,2.1,1.75,2.15,1.8,2.16,1.75,2.09,1.8,2.18,-1.25,1.9,2,1.9,2.01,1.95,2.01,1.87,1.95,1.95,2,1.38,4.75,8,1.4,5,7.75,1.4,4.6,7.5,1.37,5.15,9.23,1.4,4.8,8,1.44,4.87,7.7,1.5,5.2,9.23,1.4,4.88,8.13,1.42,5.1,9.2,1.67,2.2,1.69,2.25,1.75,2.3,1.69,2.2,1.75,2.3,-1.25,1.88,2.05,1.87,2.06,1.94,2.06,1.88,1.97,1.92,2.08
E0,19/01/2025,16:30,Ipswich,Man City,0,6,A,0,3,A,S Barrott,8,17,4,9,4,7,4,7,0,1,0,0,7.5,5.25,1.36,8,5.5,1.35,8,5,1.36,7.76,5.51,1.37,7.5,5,1.36,7.7,5.39,1.41,9,5.6,1.41,7.72,5.36,1.36,8.8,5.7,1.39,1.44,2.75,1.47,2.75,1.47,2.8,1.44,2.74,1.49,2.92,1.5,1.9,2,1.88,2.03,1.93,2.03,1.86,1.98,1.91,2.06,7,5,1.4,7.5,5.25,1.38,8,5,1.36,8.5,5.5,1.37,7.5,5,1.4,8.1,5.13,1.41,8.5,5.7,1.51,7.72,5.21,1.39,9,5.7,1.39,1.5,2.63,1.51,2.66,1.57,2.74,1.51,2.62,1.55,2.8,1.5,1.78,2.03,1.86,2.07,1.91,2.31,1.82,2.03,1.9,2.08
E0,20/01/2025,20:00,Chelsea,Wolves,3,1,H,1,1,D,S Hooper,19,9,7,4,8,14,3,6,4,2,0,0,1.36,5.75,6.5,1.34,5.75,8,1.33,5,7.5,1.38,5.69,7.16,1.36,5,7,1.41,5.55,7.43,1.41,5.8,8.5,1.37,5.51,7.3,1.42,5.7,8.2,1.36,3.2,1.39,3.07,1.4,3.2,1.37,3.06,1.37,3.05,-1.5,1.98,1.92,2,1.9,2,1.94,1.96,1.89,2.06,1.84,1.45,5,6.25,1.44,5.25,6.25,1.4,5,6.5,1.44,5.25,6.8,1.44,5,6.5,1.45,5.07,6.94,1.45,5.43,7.5,1.43,5.16,6.64,1.47,5.4,7.2,1.4,3,1.41,3.03,1.41,3.16,1.4,2.97,1.44,3.2,-1.25,1.95,1.95,1.94,1.98,1.95,2.05,1.87,1.97,1.95,2.03
E0,25/01/2025,15:00,Bournemouth,Nott'm Forest,5,0,H,1,0,H,C Pawson,16,18,10,4,9,12,3,9,2,3,0,0,2.05,3.7,3.4,2.05,3.6,3.5,2.05,3.6,3.5,2.11,3.7,3.45,2.05,3.5,3.4,2.13,3.71,3.49,2.14,3.75,3.5,2.09,3.64,3.42,2.14,3.75,3.65,1.85,2.05,1.83,2.06,1.86,2.07,1.82,2.02,1.88,2.1,-0.25,1.82,2.08,1.85,2.07,1.85,2.09,1.8,2.03,1.86,2.14,1.91,3.7,3.8,2.05,3.5,3.6,1.95,3.5,3.9,1.97,3.73,3.94,2,3.6,3.6,2.05,3.68,3.7,2.12,3.77,3.95,1.99,3.64,3.77,2.04,3.75,4,1.73,2.1,1.78,2.14,1.87,2.25,1.8,2.05,1.89,2.1,-0.5,1.97,1.96,1.98,1.94,2.03,1.98,1.98,1.88,2.04,1.94
E0,25/01/2025,15:00,Brighton,Everton,0,1,A,0,1,A,T Robinson,16,3,1,1,8,11,9,1,3,4,0,0,1.67,3.75,5.5,1.65,4,5.25,1.67,3.8,5.5,1.68,3.83,5.5,1.65,3.9,5,1.7,4.04,5.29,1.7,4.04,5.72,1.67,3.86,5.39,1.73,3.95,5.8,1.89,1.89,1.96,1.93,1.98,1.98,1.9,1.93,1.97,2,-0.75,1.88,2.02,1.89,2.02,1.9,2.04,1.85,1.98,1.93,2.04,1.73,3.6,5.25,1.71,3.7,5.25,1.67,3.8,5.5,1.74,3.69,5.42,1.67,3.8,5,1.73,3.76,5.34,1.75,3.96,5.8,1.7,3.74,5.37,1.73,3.9,6,2.05,1.85,2.05,1.86,2.08,1.95,1.98,1.86,2.08,1.9,-0.75,1.99,1.94,1.97,1.95,1.99,2.02,1.9,1.96,1.93,2.04
E0,25/01/2025,15:00,Liverpool,Ipswich,4,1,H,3,0,H,M Salisbury,16,3,6,3,10,11,3,4,0,2,0,0,1.08,12,15,1.11,11,20,1.08,13,21,1.1,11.75,21.77,1.12,10,19,1.13,10.7,20,1.13,13,27,1.1,11.04,20.87,1.12,14.5,26,1.25,4,,,1.26,4.2,1.25,3.82,1.28,4.3,-2.5,1.88,2.02,1.88,2.01,1.9,2.06,1.86,1.98,1.89,2.04,1.11,11,15,1.12,11,21,1.1,12,23,1.1,12.25,24.5,1.12,9.5,17,1.12,12.4,17.6,1.13,12.5,25,1.11,11.32,21.57,1.12,13,27,1.29,3.75,#N/A,#N/A,1.29,4.25,1.27,3.78,1.29,4.2,-2.5,1.93,2,1.91,2,1.96,2.03,1.91,1.95,1.97,2.02
E0,25/01/2025,15:00,Southampton,Newcastle,1,3,A,1,2,A,S Barrott,12,17,5,9,10,5,3,8,1,0,0,0,6.5,5.25,1.42,6.75,5.25,1.41,7,5,1.4,7.05,5.17,1.42,6.5,4.8,1.44,6.73,5.09,1.47,7.5,5.3,1.47,6.82,5.09,1.42,7.6,5.4,1.45,1.41,2.7,1.47,2.77,1.47,2.95,1.44,2.75,1.48,2.94,1.25,2.02,1.88,2.01,1.89,2.04,1.91,1.96,1.86,2.06,1.91,6.5,4.75,1.44,6.5,4.8,1.44,6.5,4.75,1.47,6.62,5.04,1.47,6,4.6,1.44,6.94,4.87,1.47,7,5.1,1.53,6.48,4.91,1.46,7,5.1,1.5,1.44,2.75,1.49,2.74,1.52,2.81,1.49,2.64,1.56,2.76,1.25,1.94,1.99,1.93,1.99,1.97,2.04,1.89,1.96,1.97,2.01
E0,25/01/2025,15:00,Wolves,Arsenal,0,1,A,0,0,D,M Oliver,9,9,4,3,20,10,1,5,0,1,1,1,7,4.5,1.45,6.75,4.75,1.46,7,4.6,1.44,6.86,4.74,1.47,6.5,4.5,1.44,6.88,4.69,1.5,7.5,4.8,1.5,6.85,4.65,1.46,7.6,5,1.49,1.73,2.1,1.74,2.17,1.78,2.19,1.72,2.14,1.78,2.22,1.25,1.85,2.05,1.85,2.06,1.86,2.06,1.82,2.01,1.92,2.06,5.75,4,1.6,5.5,4,1.61,6,4,1.6,5.93,4.15,1.61,5.5,4,1.6,6.16,4.07,1.61,6.4,4.27,1.62,5.87,4.07,1.6,6.4,4.2,1.64,1.97,1.93,1.96,1.94,1.98,2.09,1.91,1.93,2,1.99,1,1.84,2.09,1.86,2.07,2.02,2.12,1.85,2.02,1.85,2.13
E0,25/01/2025,17:30,Man City,Chelsea,3,1,H,1,1,D,J Brooks,15,10,6,4,6,8,2,4,3,2,0,0,2.05,4,3.3,1.98,4,3.4,2,3.9,3.4,2.03,4.09,3.36,2,4,3.25,2.04,4.22,3.36,2.08,4.22,3.4,2.03,4.03,3.29,2.08,4.1,3.5,1.4,3,1.42,2.94,1.43,3,1.41,2.88,1.44,3.2,-0.5,2.06,1.84,2.07,1.85,2.08,1.87,2.04,1.81,2.08,1.9,2.38,3.7,2.7,2.3,3.75,2.85,2.25,3.75,2.8,2.39,3.89,2.85,2.3,3.9,2.75,2.33,3.81,2.96,2.4,4.01,3.05,2.34,3.8,2.84,2.4,4,2.94,1.44,2.75,1.46,2.84,1.46,3.15,1.43,2.84,1.47,3.05,-0.25,2.08,1.73,2.1,1.84,2.12,1.93,2.04,1.82,2.11,1.89
E0,26/01/2025,14:00,Crystal Palace,Brentford,1,2,A,0,0,D,T Harrington,16,13,5,6,8,11,4,7,2,2,0,0,2.05,3.75,3.3,2.05,3.7,3.4,2.05,3.6,3.5,2.06,3.7,3.59,2.05,3.6,3.5,2.05,3.82,3.62,2.09,3.82,3.62,2.06,3.68,3.47,2.12,3.75,3.65,1.73,2.1,1.75,2.16,1.78,2.16,1.74,2.12,1.82,2.18,-0.5,2.07,1.83,2.07,1.85,2.08,1.85,2.05,1.8,2.12,1.87,1.95,3.75,3.6,1.98,3.7,3.6,1.91,3.6,3.7,1.97,3.8,3.84,1.95,3.7,3.7,2.03,3.77,3.67,2.03,3.95,4.09,1.97,3.76,3.7,2.02,3.95,3.95,1.57,2.38,1.61,2.43,1.68,2.51,1.6,2.38,1.64,2.52,-0.5,2.02,1.91,1.98,1.94,2.04,1.94,1.97,1.88,2.04,1.95
E0,26/01/2025,14:00,Tottenham,Leicester,1,2,A,1,0,H,R Jones,15,12,6,3,6,16,6,4,1,5,0,0,1.45,5.5,5.5,1.44,5.25,6.25,1.44,5,6,1.46,5.37,5.94,1.44,5,5.8,1.49,5.25,6.11,1.49,5.5,6.25,1.46,5.21,5.89,1.49,5.6,6.4,1.33,3.4,1.34,3.35,1.35,3.45,1.33,3.27,1.37,3.5,-1.25,1.98,1.92,1.96,1.94,1.99,1.94,1.93,1.9,1.94,1.97,1.5,4.75,5.5,1.53,5,5.25,1.47,4.75,5.5,1.51,5.05,5.85,1.5,4.8,5,1.53,4.88,5.88,1.55,5.09,5.95,1.51,4.92,5.58,1.55,5.1,6,1.33,3.4,1.34,3.4,1.35,3.58,1.32,3.39,1.36,3.7,-1.25,2.07,1.86,2.07,1.86,2.09,1.89,2.03,1.83,2.11,1.89
E0,26/01/2025,16:30,Aston Villa,West Ham,1,1,D,1,0,H,P Bankes,14,14,4,4,13,16,4,3,2,3,0,0,1.53,4.33,5.75,1.55,4.33,5.75,1.55,4.33,6,1.55,4.46,5.99,1.57,4.2,5.5,1.57,4.53,5.96,1.58,4.6,6,1.55,4.39,5.81,1.61,4.5,6.2,1.67,2.2,1.68,2.26,1.71,2.26,1.67,2.21,1.72,2.3,-1,1.92,1.98,1.92,1.99,1.98,1.99,1.9,1.94,1.97,1.97,1.45,4.75,6.25,1.47,4.75,6.5,1.47,4.6,6.5,1.47,4.9,6.9,1.44,4.6,6,1.5,4.88,6.18,1.54,4.9,7.38,1.47,4.75,6.52,1.49,5,7.4,1.57,2.38,1.61,2.43,1.62,2.5,1.59,2.39,1.66,2.5,-1.25,2.08,1.85,2.04,1.89,2.09,1.9,2.02,1.84,2.06,1.93
E0,26/01/2025,19:00,Fulham,Man United,0,1,A,0,0,D,A Taylor,9,4,3,1,7,9,3,0,0,1,0,0,2.3,3.4,3.1,2.3,3.4,3,2.3,3.4,3.1,2.32,3.48,3.18,2.3,3.4,3,2.31,3.65,3.14,2.38,3.65,3.18,2.31,3.44,3.1,2.42,3.5,3.25,1.88,2.02,1.89,1.99,1.9,2.02,1.85,1.98,1.94,2.02,-0.25,2,1.9,2.01,1.9,2.02,1.92,1.96,1.87,2.07,1.91,2.35,3.4,3.1,2.37,3.4,2.95,2.25,3.3,3,2.4,3.55,3.03,2.38,3.4,2.9,2.49,3.44,2.96,2.49,3.56,3.1,2.39,3.44,2.99,2.46,3.55,3.15,1.88,2.02,1.89,2.01,1.9,2.04,1.85,1.99,1.89,2.1,-0.25,2.07,1.86,2.08,1.85,2.1,1.87,2.04,1.82,2.11,1.89
E0,01/02/2025,12:30,Nott'm Forest,Brighton,7,0,H,3,0,H,S Hooper,14,10,9,5,8,13,4,6,1,3,0,0,2.38,3.5,2.8,2.45,3.5,2.85,2.45,3.4,2.9,2.46,3.43,2.99,2.45,3.4,2.88,2.47,3.57,2.94,2.48,3.57,2.99,2.44,3.46,2.89,2.56,3.55,3.05,1.95,1.95,1.98,1.91,1.98,1.98,1.92,1.91,2.02,1.95,-0.25,2.1,1.8,2.12,1.81,2.16,1.81,2.08,1.77,2.19,1.83,2.63,3.3,2.7,2.65,3.4,2.65,2.63,3.4,2.7,2.68,3.45,2.74,2.6,3.3,2.7,2.54,3.38,2.94,2.68,3.47,2.94,2.63,3.39,2.72,2.74,3.55,2.8,1.84,2.06,1.83,2.07,1.97,2.09,1.85,2,1.89,2.1,0,1.95,1.98,1.94,1.98,1.99,2.01,1.91,1.97,1.96,2.02
E0,01/02/2025,15:00,Bournemouth,Liverpool,0,2,A,0,1,A,D England,14,19,3,7,15,9,3,3,2,3,0,0,4.5,4.33,1.67,4.6,4.2,1.68,4.6,4.2,1.67,4.68,4.35,1.68,4.5,4.2,1.67,4.58,4.48,1.71,4.75,4.48,1.71,4.56,4.32,1.68,4.8,4.6,1.72,1.44,2.75,1.48,2.71,1.48,2.8,1.46,2.69,1.51,2.9,0.75,2.06,1.84,2.04,1.87,2.12,1.88,2,1.83,2.08,1.9,4.33,4.2,1.7,4.33,4.2,1.72,4.5,4,1.67,4.66,4.26,1.72,4.4,4.2,1.7,4.68,4.31,1.71,4.75,4.35,1.73,4.51,4.22,1.71,4.9,4.3,1.76,1.44,2.75,1.47,2.78,1.47,2.92,1.44,2.82,1.5,2.98,0.75,2.01,1.92,2.02,1.91,2.06,1.93,1.99,1.87,2.04,1.94
E0,01/02/2025,15:00,Everton,Leicester,4,0,H,3,0,H,D Bond,13,9,7,1,7,13,5,6,0,0,0,0,1.75,3.75,4.5,1.8,3.6,4.6,1.8,3.6,4.75,1.81,3.7,4.73,1.8,3.6,4.5,1.8,3.85,4.74,1.81,3.85,5,1.79,3.67,4.67,1.85,3.8,5,2.04,1.86,2.06,1.84,2.06,1.89,2.01,1.83,2.1,1.88,-0.75,2.06,1.84,2.06,1.85,2.07,1.86,2,1.82,2.09,1.88,1.95,3.4,4.1,1.95,3.3,4.2,1.91,3.25,4.2,1.96,3.34,4.53,1.95,3.4,4,1.92,3.49,4.48,2,3.49,4.7,1.95,3.35,4.33,2,3.45,4.7,2.3,1.62,2.34,1.66,2.36,1.68,2.27,1.65,2.38,1.71,-0.5,1.99,1.94,1.97,1.95,2.02,1.95,1.95,1.91,2,1.99
E0,01/02/2025,15:00,Ipswich,Southampton,1,2,A,1,1,D,M Oliver,15,9,6,4,11,14,1,2,0,3,0,0,1.95,3.6,3.8,1.95,3.6,3.8,2,3.5,3.9,2,3.71,3.78,1.95,3.75,3.6,2,3.9,3.73,2.02,3.9,3.95,1.98,3.67,3.74,2.06,3.7,4,1.73,2.1,1.76,2.16,1.82,2.16,1.76,2.09,1.8,2.2,-0.5,2,1.9,2.01,1.9,2.02,1.91,1.97,1.87,2.06,1.92,1.9,3.6,3.9,1.9,3.6,4,1.91,3.5,3.9,1.91,3.75,4.18,1.91,3.5,3.9,1.92,3.7,4.18,2.1,3.8,4.2,1.92,3.64,4.01,1.96,3.8,4.3,1.73,2.1,1.76,2.16,1.89,2.17,1.78,2.08,1.82,2.2,-0.5,1.93,2,1.92,2,1.94,2.02,1.91,1.95,1.96,2.03
E0,01/02/2025,15:00,Newcastle,Fulham,1,2,A,1,0,H,C Kavanagh,11,15,4,4,10,15,4,7,4,4,0,0,1.7,4,4.75,1.71,4,4.6,1.73,3.9,4.75,1.71,4.14,4.74,1.73,4,4.4,1.73,4.23,4.73,1.73,4.25,5.1,1.71,4.07,4.66,1.78,4,5,1.62,2.3,1.66,2.31,1.68,2.32,1.64,2.28,1.7,2.4,-0.75,1.91,1.99,1.91,2,1.93,2,1.87,1.95,1.98,1.98,1.7,3.9,4.75,1.73,3.9,4.6,1.7,3.75,4.75,1.77,3.82,4.91,1.73,3.9,4.6,1.72,3.99,5.06,1.78,4,5.12,1.73,3.88,4.83,1.78,4,5.2,1.67,2.2,1.71,2.24,1.71,2.36,1.67,2.24,1.73,2.34,-0.75,1.98,1.95,1.99,1.93,1.99,1.99,1.92,1.93,1.98,2.01
E0,01/02/2025,17:30,Wolves,Aston Villa,2,0,H,1,0,H,A Madley,8,10,5,3,20,13,5,8,2,3,0,0,3.3,3.6,2.1,3.4,3.6,2.1,3.3,3.6,2.15,3.43,3.56,2.17,3.3,3.6,2.1,3.43,3.81,2.12,3.5,3.81,2.18,3.36,3.58,2.14,3.55,3.75,2.18,1.73,2.1,1.74,2.19,1.76,2.25,1.7,2.17,1.75,2.28,0.25,2.04,1.86,2.03,1.88,2.05,1.88,2.01,1.83,2.06,1.92,3.2,3.4,2.2,3,3.4,2.37,3.3,3.4,2.25,3.32,3.48,2.28,3,3.3,2.38,3.34,3.49,2.27,3.35,3.5,2.4,3.17,3.43,2.3,3.2,3.55,2.42,1.88,2.02,1.88,2.04,1.9,2.11,1.82,2.03,1.86,2.16,0.25,1.95,1.98,1.95,1.97,1.96,2.09,1.88,1.96,1.9,2.09
E0,02/02/2025,14:00,Brentford,Tottenham,0,2,A,0,1,A,J Gillett,20,13,4,2,4,11,10,3,0,1,0,0,2.1,3.9,3.2,2.1,3.9,3.1,2.1,3.9,3.1,2.12,3.88,3.11,2.1,4,3,2.12,4.33,3.1,2.16,4.33,3.25,2.11,3.97,3.1,2.18,4.2,3.25,1.33,3.4,1.34,3.22,1.36,3.4,1.33,3.25,1.38,3.5,-0.25,1.87,2.03,1.87,1.98,1.87,2.05,1.83,1.99,1.92,2.07,1.91,4,3.5,1.98,4.1,3.3,1.95,3.9,3.3,1.97,4.21,3.51,2,4,3.2,2.07,4.38,3.34,2.09,4.38,3.52,2,4.12,3.34,2.06,4.2,3.5,1.29,3.75,1.38,3.18,1.37,3.8,1.3,3.55,1.33,3.95,-0.5,2.01,1.92,1.98,1.94,2.02,1.94,1.99,1.87,2.06,1.93
E0,02/02/2025,14:00,Man United,Crystal Palace,0,2,A,0,0,D,J Brooks,17,11,2,3,12,13,11,0,3,1,0,0,2,3.5,3.8,2.05,3.5,3.6,2.05,3.4,3.8,1.98,3.49,3.83,2.05,3.4,3.6,2.06,3.59,3.82,2.08,3.59,3.85,2.04,3.48,3.71,2.08,3.6,4.1,1.87,2.03,1.84,2,1.88,2.04,1.83,1.99,1.89,2.08,-0.5,2.02,1.88,1.99,1.86,2.06,1.92,2.02,1.83,2.06,1.92,1.75,3.6,4.75,1.8,3.6,4.6,1.75,3.5,4.75,1.78,3.73,4.97,1.8,3.5,4.6,1.78,3.7,5.09,1.91,3.8,5.09,1.79,3.63,4.74,1.84,3.75,5.1,1.95,1.95,1.97,1.93,1.97,2.01,1.91,1.93,1.98,2,-0.75,2.04,1.89,2.03,1.9,2.08,1.91,2.01,1.85,2.1,1.89
E0,02/02/2025,16:30,Arsenal,Man City,5,1,H,1,0,H,P Bankes,12,7,7,4,6,7,5,2,2,0,0,0,1.95,3.5,4,2,3.6,3.6,2,3.5,3.9,1.93,3.63,3.85,2,3.5,3.75,2.01,3.65,3.94,2.01,3.75,4.08,1.97,3.58,3.83,2.02,3.65,4.1,1.73,2.1,1.74,2.12,1.83,2.17,1.75,2.1,1.77,2.24,-0.5,1.99,1.91,1.94,1.91,2.02,1.91,1.96,1.88,2.02,1.94,1.9,3.8,3.8,1.87,3.9,3.8,1.85,3.9,3.75,1.91,4.17,3.77,1.91,3.75,3.8,1.95,3.85,3.87,2.07,4.17,4.05,1.91,3.93,3.81,1.95,4.2,3.95,1.57,2.38,1.6,2.44,1.76,2.44,1.62,2.34,1.68,2.46,-0.5,1.92,2.01,1.92,2.01,1.95,2.02,1.89,1.97,1.94,2.05
E0,03/02/2025,20:00,Chelsea,West Ham,2,1,H,0,1,A,S Attwell,22,14,3,5,11,10,4,3,3,1,0,0,1.36,4.75,8,1.37,5.75,7.25,1.33,5.5,7.5,1.36,5.92,7.51,1.36,5,7,1.39,5.65,7.8,1.39,5.92,8,1.36,5.54,7.58,1.39,6,8.6,1.4,3,1.38,3.15,1.4,3.15,1.38,2.99,1.43,2.94,-1.5,1.97,1.93,1.96,1.94,2,1.95,1.95,1.9,1.88,2,1.27,6,9.5,1.29,6.25,9.25,1.25,6.5,9.5,1.29,6.55,9.45,1.29,5.8,9.5,1.3,6.28,9.94,1.33,6.6,10,1.29,6.25,9.4,1.32,6.8,10,1.33,3.4,1.34,3.34,1.35,3.58,1.33,3.31,1.38,3.55,-1.75,1.95,1.95,1.96,1.94,1.99,1.97,1.94,1.91,2.04,1.95
E0,12/02/2025,19:30,Everton,Liverpool,2,2,D,1,1,D,M Oliver,10,6,3,4,9,20,2,3,2,2,1,1,7.5,4.5,1.44,,,,7.5,4.75,1.4,7.36,4.73,1.45,7,4.6,1.44,7.5,4.84,1.46,8,4.9,1.46,7.36,4.71,1.44,8,5,1.48,1.73,2.1,1.73,2.18,1.75,2.28,1.71,2.18,1.75,2.28,1.25,1.89,2.01,1.89,2.01,1.93,2.01,1.88,1.95,1.95,2.01,7,4.33,1.45,,,,7,4.33,1.44,7.9,4.65,1.45,7,4.5,1.44,7.54,4.48,1.48,7.9,4.7,1.48,7.49,4.55,1.46,8,4.7,1.5,1.8,2,1.83,2.05,1.87,2.17,1.8,2.05,1.88,2.12,1.25,1.84,2.06,1.87,2.07,1.89,2.09,1.84,2.02,1.9,2.08
E0,14/02/2025,20:00,Brighton,Chelsea,3,0,H,2,0,H,K Kavanagh,13,8,5,0,12,15,2,9,1,2,0,0,2.7,3.6,2.45,,,,2.88,3.5,2.4,2.92,3.65,2.43,2.8,3.6,2.38,2.86,3.83,2.41,3,3.83,2.51,2.85,3.6,2.43,3,3.7,2.5,1.57,2.38,1.61,2.43,1.62,2.47,1.58,2.42,1.65,2.48,0.25,1.73,2.08,1.83,2.12,1.82,2.16,1.78,2.08,1.84,2.16,2.9,3.7,2.3,,,,2.88,3.5,2.4,2.95,3.78,2.36,2.9,3.4,2.4,3.11,3.77,2.26,3.11,3.8,2.43,2.93,3.66,2.36,3,3.75,2.46,1.57,2.38,1.6,2.46,1.64,2.55,1.59,2.43,1.61,2.6,0.25,1.86,2.04,1.87,2.07,1.91,2.12,1.83,2.03,1.86,2.13
E0,15/02/2025,12:30,Leicester,Arsenal,0,2,A,0,0,D,S Barrott,6,11,2,5,9,10,3,7,2,1,0,0,8.5,5,1.33,,,,10.5,5,1.3,9.47,5.42,1.34,9.5,5,1.33,9.65,5.4,1.36,10.5,5.6,1.36,9.45,5.29,1.34,11,5.8,1.34,1.73,2.1,1.73,2.18,1.75,2.24,1.71,2.17,1.76,2.26,1.5,1.87,2.03,1.88,2.02,1.92,2.06,1.87,1.99,1.9,2.06,9.5,5.25,1.33,,,,10,5.5,1.3,10.15,5.52,1.33,10,5,1.3,9.64,5.33,1.35,11,5.7,1.35,10.1,5.41,1.32,11,5.7,1.35,1.73,2.1,1.74,2.2,1.76,2.25,1.72,2.17,1.79,2.26,1.5,1.91,2.02,1.91,2.02,1.95,2.02,1.9,1.97,1.96,2.02
E0,15/02/2025,15:00,Aston Villa,Ipswich,1,1,D,0,0,D,R Jones,25,4,6,3,7,11,16,1,0,3,0,1,1.4,4.75,7,,,,1.4,5,7.5,1.41,5.02,7.6,1.4,4.75,7,1.43,5.14,7.6,1.43,5.2,8.2,1.41,4.96,7.45,1.45,5.2,8.2,1.57,2.38,1.58,2.49,1.62,2.49,1.58,2.41,1.63,2.5,-1.25,1.92,1.98,1.91,2,1.95,2,1.88,1.96,1.93,2.02,1.42,4.75,7,,,,1.36,4.75,7,1.44,4.99,7.41,1.4,4.8,6.5,1.46,4.92,7.02,1.46,5.1,8,1.43,4.94,7.18,1.45,5.2,8.2,1.57,2.38,1.56,2.53,1.57,2.66,1.53,2.55,1.59,2.66,-1.25,1.95,1.98,1.94,1.98,1.96,2.02,1.91,1.96,1.96,2.02
E0,15/02/2025,15:00,Fulham,Nott'm Forest,2,1,H,1,1,D,T Bramall,24,8,10,2,13,8,8,4,0,0,0,0,2.2,3.4,3.3,,,,2.25,3.3,3.4,2.23,3.38,3.47,2.2,3.3,3.3,2.23,3.48,3.44,2.28,3.48,3.52,2.22,3.35,3.39,2.3,3.4,3.55,2.1,1.73,2.13,1.77,2.16,1.8,2.1,1.76,2.14,1.83,-0.25,1.92,1.98,1.92,1.99,1.95,2.02,1.89,1.95,1.96,2.01,2.1,3.4,3.5,,,,2.1,3.3,3.5,2.12,3.55,3.63,2.1,3.4,3.5,2.27,3.48,3.31,2.27,3.55,3.67,2.16,3.44,3.5,2.22,3.6,3.6,1.98,1.92,1.98,1.93,2.04,1.94,1.97,1.89,2.02,1.96,-0.25,1.85,2.08,1.84,2.1,1.95,2.1,1.86,2.01,1.92,2.07
E0,15/02/2025,15:00,Man City,Newcastle,4,0,H,3,0,H,A Madley,11,3,7,1,5,13,7,4,0,1,0,0,1.95,4.2,3.3,,,,1.95,4.1,3.5,1.99,4.09,3.49,1.95,4,3.4,1.99,4.18,3.53,2.01,4.2,3.55,1.97,4.07,3.44,2,4.3,3.65,1.44,2.75,1.47,2.76,1.48,2.9,1.45,2.77,1.5,2.98,-0.5,1.99,1.91,1.99,1.91,2.01,1.95,1.96,1.88,2,1.98,2.05,3.9,3.2,,,,2,3.8,3.25,2.09,4.07,3.29,2.05,4,3.1,2,4.01,3.57,2.12,4.2,3.57,2.07,4.02,3.26,2.1,4.1,3.45,1.36,3.2,1.38,3.11,1.42,3.37,1.38,3.13,1.42,3.3,-0.25,1.85,2.08,1.85,2.09,1.86,2.14,1.82,2.05,1.86,2.13
E0,15/02/2025,15:00,Southampton,Bournemouth,1,3,A,0,2,A,J Gillett,11,14,4,7,13,15,4,6,1,3,0,0,6,4.5,1.5,,,,5.5,4.6,1.53,6.01,4.65,1.52,5.5,4.6,1.53,5.96,4.9,1.53,6.2,4.9,1.55,5.83,4.64,1.52,6.2,4.8,1.56,1.5,2.63,1.51,2.65,1.52,2.72,1.49,2.62,1.54,2.76,1,2.06,1.84,2.09,1.83,2.09,1.88,2.03,1.82,2.12,1.88,6.25,4.5,1.48,,,,5.5,4.6,1.47,6.32,4.79,1.51,5.8,4.75,1.44,6.14,4.61,1.54,6.5,5,1.54,6.02,4.73,1.51,6.2,5,1.55,1.5,2.63,1.52,2.62,1.53,2.9,1.48,2.72,1.53,2.84,1.25,1.86,2.07,1.86,2.07,1.87,2.14,1.82,2.06,1.86,2.12
E0,15/02/2025,15:00,West Ham,Brentford,0,1,A,0,1,A,D England,13,14,3,5,10,13,9,2,1,1,0,0,2.35,3.6,2.88,,,,2.4,3.6,2.88,2.43,3.71,2.83,2.4,3.5,2.8,2.49,3.61,2.89,2.49,3.77,2.9,2.41,3.64,2.82,2.48,3.75,2.98,1.62,2.3,1.61,2.4,1.65,2.45,1.6,2.37,1.65,2.48,0,1.73,2.08,1.81,2.11,1.83,2.14,1.78,2.08,1.83,2.18,2.35,3.6,2.88,,,,2.3,3.6,2.88,2.4,3.71,2.93,2.3,3.5,2.9,2.4,3.67,2.93,2.45,3.77,2.94,2.38,3.65,2.88,2.42,3.75,3.05,1.57,2.38,1.6,2.46,1.6,2.51,1.57,2.42,1.62,2.58,-0.25,2.09,1.84,2.1,1.84,2.11,1.85,2.06,1.81,2.1,1.89
E0,15/02/2025,17:30,Crystal Palace,Everton,1,2,A,0,1,A,A Taylor,17,11,6,6,9,12,6,2,0,1,0,0,1.8,3.4,5,,,,1.83,3.4,4.75,1.79,3.5,5.17,1.85,3.3,4.6,1.84,3.54,4.99,1.87,3.57,5.3,1.81,3.45,4.94,1.87,3.6,5.2,2.2,1.67,2.27,1.68,2.29,1.71,2.23,1.67,2.36,1.71,-0.5,1.82,2.08,1.79,2.12,1.87,2.12,1.8,2.06,1.87,2.13,1.95,3.1,4.5,,,,2,3,4.2,2,3.25,4.53,2.05,3.1,4,2.09,3.17,4.22,2.09,3.33,4.7,2.02,3.18,4.36,2.1,3.25,4.5,2.63,1.5,2.62,1.53,2.63,1.63,2.5,1.56,2.6,1.61,-0.5,2.01,1.89,2.01,1.92,2.06,1.92,2.01,1.86,2.09,1.91
E0,16/02/2025,14:00,Liverpool,Wolves,2,1,H,2,0,H,S Hooper,10,16,3,4,15,13,4,3,2,2,0,0,1.15,8,12,,,,1.18,8,13,1.19,8.22,12.7,1.2,7,13,1.21,7.85,14.2,1.21,8.5,15,1.19,7.85,12.84,1.21,8.8,15.5,1.36,3.2,1.37,3.13,1.41,3.3,1.37,3.12,1.4,3.3,-2,1.92,1.98,1.93,1.96,1.94,2,1.9,1.94,1.92,2.01,1.22,7,11,,,,1.2,6.5,11,1.23,7.1,12.75,1.22,6.5,11,1.24,7.2,11.8,1.25,7.4,13,1.23,6.99,11.94,1.26,7.2,14,1.44,2.75,1.43,2.87,1.47,3,1.43,2.88,1.47,3.1,-1.75,1.87,2.06,1.85,2.05,1.88,2.08,1.83,2.04,1.9,2.1
E0,16/02/2025,16:30,Tottenham,Man United,1,0,H,1,0,H,P Bankes,22,16,7,6,13,9,10,5,1,2,0,0,2.45,3.75,2.62,,,,2.45,3.7,2.7,2.46,3.84,2.73,2.45,3.7,2.62,2.5,3.83,2.74,2.51,3.85,2.8,2.45,3.73,2.69,2.48,3.9,2.86,1.5,2.63,1.49,2.68,1.5,2.79,1.48,2.67,1.54,2.8,0,1.86,2.04,1.85,2.06,1.88,2.06,1.84,2.01,1.84,2.13,2.15,3.8,3.1,,,,2.15,3.7,3,2.21,3.9,3.13,2.25,3.7,3,2.19,3.87,3.16,2.25,4,3.16,2.2,3.85,3.08,2.24,4,3.25,1.5,2.63,1.52,2.64,1.57,2.85,1.49,2.67,1.53,2.86,-0.25,1.94,1.99,1.94,1.98,1.95,2,1.92,1.94,1.96,2.03
E0,19/02/2025,19:30,Aston Villa,Liverpool,2,2,D,2,1,H,C Pawson,9,17,4,3,8,6,6,8,1,0,0,0,3.9,4,1.83,,,,3.9,3.9,1.87,4.02,4.09,1.85,3.8,3.9,1.85,4.01,4.17,1.86,4.1,4.17,1.9,3.93,4,1.85,4.1,4.1,1.92,1.57,2.38,1.58,2.48,1.59,2.52,1.56,2.45,1.6,2.58,0.5,2.05,1.85,2.06,1.85,2.06,1.88,2.01,1.84,2.09,1.9,3.75,4,1.85,,,,3.8,3.9,1.91,3.97,4.04,1.88,3.75,3.9,1.85,3.95,4.06,1.88,3.97,4.1,1.95,3.83,3.98,1.9,4,4.1,1.94,1.57,2.38,1.6,2.48,1.6,2.55,1.57,2.46,1.64,2.54,0.5,2.01,1.89,2.03,1.89,2.04,1.94,1.97,1.89,2.04,1.95
E0,21/02/2025,20:00,Leicester,Brentford,0,4,A,0,3,A,T Harrington,8,14,3,6,10,10,5,6,4,0,0,0,3.6,3.8,1.91,,,,3.75,3.9,1.95,3.79,3.87,1.97,3.6,3.8,1.95,3.77,4.01,1.96,3.81,4.01,2,3.7,3.86,1.96,3.9,4,2,1.57,2.38,1.62,2.41,1.62,2.52,1.58,2.42,1.64,2.56,0.5,1.95,1.98,1.94,1.98,1.96,2.01,1.9,1.96,1.98,2,3.5,3.8,1.95,,,,3.6,3.75,2,3.74,3.86,1.99,3.6,3.75,1.95,3.6,3.91,2.01,3.9,3.91,2.02,3.66,3.84,1.98,3.8,3.95,2.04,1.57,2.38,1.63,2.4,1.63,2.51,1.59,2.42,1.64,2.54,0.5,1.94,1.99,1.93,2,1.97,2,1.9,1.97,1.95,2.04
E0,22/02/2025,12:30,Everton,Man United,2,2,D,2,0,H,A Madley,9,9,8,3,12,9,7,9,4,1,0,0,2.5,3.2,2.9,,,,2.55,3.1,3,2.58,3.23,2.98,2.6,3.1,2.88,2.61,3.28,2.96,2.61,3.3,3.05,2.55,3.2,2.96,2.68,3.25,3.05,2.2,1.67,2.23,1.71,2.24,1.74,2.19,1.7,2.28,1.76,0,1.8,2.1,1.82,2.11,1.84,2.17,1.79,2.07,1.87,2.13,2.63,3,2.88,,,,2.63,3.1,2.88,2.67,3.15,2.97,2.62,3.1,2.8,2.86,3.09,2.79,2.86,3.23,3,2.65,3.13,2.92,2.7,3.25,3.05,2.2,1.67,2.29,1.68,2.34,1.74,2.25,1.68,2.34,1.73,0,1.85,2.08,1.86,2.07,1.91,2.08,1.85,2.03,1.87,2.13
E0,22/02/2025,15:00,Arsenal,West Ham,0,1,A,0,1,A,C Pawson,20,5,2,2,16,15,2,0,1,3,1,0,1.27,6,10,,,,1.25,6,12,1.25,6.42,11.04,1.25,5.5,12,1.27,6.11,12.9,1.27,6.7,13,1.25,6.2,11.63,1.28,6.6,13,1.67,2.2,1.69,2.23,1.8,2.29,1.68,2.22,1.74,2.28,-1.75,2.05,1.85,2.05,1.85,2.12,1.9,2.01,1.83,2.13,1.84,1.27,5.75,11,,,,1.25,5.5,13,1.29,5.82,12.73,1.3,5,11,1.29,5.87,11.7,1.32,6,13,1.29,5.63,11.79,1.32,5.9,13,1.84,2.06,1.85,2.07,1.87,2.11,1.81,2.05,1.88,2.12,-1.5,1.89,2.04,1.94,1.98,1.97,2.06,1.88,1.98,1.91,2.06
E0,22/02/2025,15:00,Bournemouth,Wolves,0,1,A,0,1,A,M Salisbury,8,13,3,5,17,9,6,7,3,3,1,0,1.53,4.5,5.5,,,,1.57,4.33,5.5,1.57,4.52,5.58,1.57,4.4,5,1.59,4.59,5.6,1.6,4.6,5.8,1.56,4.45,5.5,1.61,4.5,6,1.57,2.38,1.61,2.41,1.62,2.45,1.59,2.39,1.63,2.54,-1,1.92,1.98,1.94,1.96,2,1.99,1.92,1.93,1.97,1.99,1.62,4.1,5,,,,1.62,4.2,5,1.66,4.21,5.27,1.65,4,5,1.65,4.23,5.37,1.68,4.33,5.6,1.64,4.18,5.22,1.68,4.3,5.6,1.67,2.2,1.71,2.24,1.72,2.36,1.67,2.26,1.74,2.34,-0.75,1.84,2.09,1.84,2.1,1.87,2.13,1.8,2.07,1.84,2.16
E0,22/02/2025,15:00,Fulham,Crystal Palace,0,2,A,0,1,A,R Jones,10,10,0,5,10,7,7,7,1,3,0,0,2.05,3.4,3.7,,,,2.05,3.4,3.75,2.04,3.52,3.84,2.05,3.4,3.7,2.07,3.61,3.77,2.08,3.61,3.89,2.05,3.48,3.74,2.12,3.55,3.9,2.02,1.88,2,1.89,2.02,1.9,1.98,1.87,2.04,1.92,-0.5,2.06,1.84,2.05,1.86,2.08,1.87,2.03,1.82,2.12,1.87,2.1,3.4,3.6,,,,2.1,3.4,3.7,2.1,3.49,3.77,2.05,3.4,3.7,2.09,3.46,3.81,2.12,3.57,3.9,2.08,3.46,3.72,2.16,3.55,3.85,1.98,1.92,2,1.9,2,1.96,1.97,1.89,2.02,1.97,-0.25,1.86,2.07,1.81,2.12,1.86,2.13,1.79,2.1,1.85,2.15
E0,22/02/2025,15:00,Ipswich,Tottenham,1,4,A,1,2,A,T Robinson,17,10,5,6,15,14,4,4,2,1,0,0,4.1,3.6,1.9,,,,3.9,3.9,1.87,3.92,3.96,1.89,3.75,3.8,1.91,4,4,1.9,4.1,4.05,1.93,3.87,3.89,1.89,4.2,4,1.93,1.53,2.5,1.53,2.58,1.54,2.66,1.52,2.56,1.55,2.68,0.5,2,1.9,2,1.9,2.02,1.92,1.96,1.89,2.06,1.93,3.3,3.75,2.05,,,,3.4,3.75,2.05,3.42,3.85,2.1,3.3,3.6,2.05,3.63,3.9,2.01,3.7,3.93,2.16,3.38,3.8,2.07,3.6,3.85,2.14,1.5,2.63,1.51,2.66,1.54,2.77,1.5,2.64,1.55,2.78,0.5,1.75,2.05,1.82,2.09,1.91,2.13,1.8,2.07,1.88,2.12
E0,22/02/2025,15:00,Southampton,Brighton,0,4,A,0,1,A,D Bond,6,18,1,12,11,12,5,6,2,0,0,0,6,4.1,1.55,,,,5.5,4.33,1.55,5.56,4.53,1.57,5,4.2,1.57,5.44,4.53,1.61,6,4.6,1.61,5.52,4.38,1.57,6.2,4.6,1.6,1.57,2.38,1.59,2.46,1.62,2.5,1.58,2.42,1.61,2.54,1,1.97,1.93,1.97,1.93,1.99,1.98,1.91,1.93,1.99,1.96,5.25,4.33,1.53,,,,5.5,4.33,1.57,5.83,4.51,1.57,5.5,4.4,1.57,5.92,4.48,1.57,6,4.66,1.58,5.7,4.5,1.56,6,4.6,1.6,1.53,2.5,1.52,2.62,1.56,2.69,1.52,2.59,1.56,2.76,1,2.02,1.91,2.01,1.92,2.06,1.93,1.98,1.89,2.03,1.94
E0,22/02/2025,17:30,Aston Villa,Chelsea,2,1,H,0,1,A,M Oliver,12,15,6,7,15,16,2,3,1,3,0,0,2.63,3.4,2.6,,,,2.63,3.6,2.63,2.62,3.78,2.58,2.62,3.6,2.5,2.67,3.77,2.59,2.67,3.84,2.63,2.62,3.7,2.56,2.7,3.8,2.7,1.57,2.38,1.58,2.49,1.58,2.55,1.56,2.45,1.61,2.54,0,1.98,1.92,1.97,1.93,2,1.95,1.95,1.89,1.98,2,2.6,3.3,2.63,,,,2.55,3.5,2.6,2.68,3.61,2.65,2.62,3.5,2.5,2.7,3.42,2.72,2.7,3.67,2.72,2.62,3.53,2.65,2.7,3.7,2.74,1.62,2.3,1.63,2.38,1.65,2.44,1.62,2.36,1.65,2.5,0,1.95,1.98,1.97,1.95,1.97,1.99,1.93,1.95,1.98,2
E0,23/02/2025,14:00,Newcastle,Nott'm Forest,4,3,H,4,1,H,J Gillett,13,17,5,5,11,13,7,6,1,4,0,0,1.8,3.8,4.2,,,,1.8,3.9,4.33,1.84,4.03,4.1,1.8,3.9,4,1.83,4.12,4.22,1.85,4.12,4.5,1.81,3.96,4.11,1.86,4,4.4,1.67,2.2,1.68,2.27,1.7,2.33,1.66,2.25,1.71,2.32,-0.75,2.06,1.84,2.08,1.82,2.08,1.87,2.03,1.81,2.11,1.87,1.9,3.8,3.75,,,,1.85,3.75,3.9,1.92,3.88,4.01,1.91,3.8,3.6,1.94,3.89,3.84,1.95,3.95,4.09,1.91,3.84,3.89,1.95,4,4.1,1.57,2.38,1.61,2.43,1.62,2.53,1.59,2.42,1.66,2.5,-0.5,1.92,1.98,1.93,2,1.94,2,1.9,1.96,1.95,2.04
E0,23/02/2025,16:30,Man City,Liverpool,0,2,A,0,2,A,A Taylor,16,8,5,4,3,10,7,5,0,0,0,0,2.88,3.8,2.25,,,,2.9,3.9,2.2,2.95,3.97,2.26,2.88,3.75,2.3,3,3.97,2.27,3,3.97,2.3,2.9,3.86,2.26,3,4.1,2.32,1.4,3,1.44,2.87,1.44,3.02,1.41,2.89,1.44,3.1,0.25,1.9,2,1.91,1.99,1.91,2.02,1.87,1.97,1.95,2.04,3,3.8,2.2,,,,3,3.75,2.15,3.24,3.87,2.21,3.2,3.7,2.15,3.22,3.87,2.17,3.31,3.92,2.25,3.14,3.82,2.19,3.2,4,2.26,1.5,2.63,1.53,2.61,1.58,2.79,1.52,2.6,1.58,2.7,0.25,1.97,1.93,1.98,1.94,2.02,1.98,1.95,1.91,2.02,1.98
E0,25/02/2025,19:30,Brighton,Bournemouth,2,1,H,1,0,H,M Oliver,11,19,4,5,12,14,1,9,2,1,0,0,2,3.8,3.3,,,,2.05,3.75,3.4,2.06,3.84,3.53,2.05,3.75,3.3,2.05,3.96,3.51,2.11,3.96,3.58,2.06,3.81,3.43,2.14,3.95,3.5,1.62,2.3,1.65,2.35,1.66,2.42,1.62,2.35,1.67,2.46,-0.25,1.78,2.03,1.8,2.13,1.85,2.13,1.8,2.06,1.87,2.13,1.95,3.8,3.6,,,,1.95,3.9,3.7,2.01,3.92,3.63,1.95,3.7,3.6,1.99,3.88,3.68,2.01,3.99,3.8,1.98,3.87,3.64,2.02,4,3.85,1.57,2.38,1.6,2.48,1.61,2.51,1.58,2.45,1.63,2.58,-0.5,2.02,1.91,2.02,1.91,2.02,1.94,1.97,1.89,2.03,1.96
E0,25/02/2025,19:30,Crystal Palace,Aston Villa,4,1,H,1,0,H,S Barrott,19,6,6,2,19,10,3,8,3,1,0,0,2.45,3.4,2.8,,,,2.55,3.4,2.8,2.57,3.42,2.89,2.5,3.25,2.8,2.61,3.4,2.87,2.61,3.45,2.91,2.55,3.38,2.83,2.64,3.5,2.94,1.9,2,1.93,1.97,1.94,2.02,1.9,1.95,1.94,2.04,0,1.84,2.09,1.85,2.08,1.87,2.09,1.84,2.03,1.89,2.1,2.2,3.5,3.1,,,,2.3,3.4,3.2,2.27,3.55,3.26,2.25,3.4,3.1,2.35,3.61,3.05,2.35,3.61,3.33,2.26,3.52,3.19,2.28,3.6,3.45,1.73,2.1,1.77,2.13,1.84,2.21,1.76,2.11,1.83,2.18,-0.25,1.99,1.94,1.97,1.95,2,1.97,1.95,1.92,1.97,2.01
E0,25/02/2025,19:30,Wolves,Fulham,1,2,A,1,1,D,P Bankes,18,11,5,5,8,15,7,5,1,3,0,0,2.63,3.3,2.63,,,,2.7,3.4,2.63,2.74,3.36,2.74,2.7,3.3,2.62,2.75,3.4,2.72,2.75,3.45,2.75,2.71,3.34,2.69,2.8,3.45,2.78,2.05,1.85,2.07,1.85,2.07,1.88,2.01,1.84,2.1,1.89,0,1.95,1.98,1.96,1.96,1.98,1.98,1.94,1.93,2,1.99,2.35,3.3,2.9,,,,2.45,3.3,3,2.42,3.31,3.2,2.4,3.2,3,2.53,3.44,2.9,2.53,3.44,3.21,2.42,3.28,3.1,2.5,3.4,3.25,2.1,1.73,2.19,1.75,2.2,1.83,2.13,1.75,2.2,1.81,-0.25,2.07,1.86,2.08,1.86,2.1,1.88,2.05,1.82,2.13,1.87
E0,25/02/2025,20:15,Chelsea,Southampton,4,0,H,3,0,H,T Bramall,19,7,10,2,6,9,4,2,1,2,0,0,1.17,8,13,,,,1.15,9,15,1.17,8.97,14.66,1.17,8,15,1.17,8.9,16.5,1.19,9.4,16.5,1.17,8.55,14.69,1.19,9.6,17.5,1.29,3.75,1.31,3.38,1.3,3.9,1.28,3.72,1.32,4,-2.25,2,1.93,1.95,1.95,2.01,1.96,1.95,1.9,1.99,1.96,1.17,8,15,,,,1.15,8.5,18,1.18,8.25,16,1.18,7.5,15,1.19,8.24,14.9,1.19,9.4,18,1.17,8.31,16.08,1.19,9.2,18,1.29,3.75,1.31,3.38,1.31,4,1.29,3.7,1.33,3.95,-2.25,1.96,1.97,1.94,1.96,1.99,2.04,1.93,1.93,1.99,2
E0,26/02/2025,19:30,Brentford,Everton,1,1,D,1,0,H,S Hooper,12,14,3,4,3,6,2,5,2,1,0,0,2,3.7,3.5,,,,2.05,3.6,3.6,2.03,3.75,3.64,2,3.5,3.6,2.06,3.75,3.67,2.06,3.82,3.67,2.02,3.68,3.59,2.1,3.8,3.75,1.87,2.03,1.85,2.04,1.89,2.04,1.85,1.99,1.88,2.08,-0.5,2.04,1.86,2.04,1.87,2.05,1.87,2.01,1.83,2.1,1.88,1.95,3.6,3.5,,,,2.1,3.5,3.5,2.03,3.68,3.8,2.1,3.5,3.3,2.14,3.65,3.45,2.15,3.7,3.8,2.08,3.6,3.54,2.14,3.7,3.75,1.8,2,1.81,2.1,1.86,2.12,1.79,2.07,1.86,2.14,-0.5,2.05,1.88,2.04,1.89,2.13,1.89,2.07,1.81,2.1,1.9
E0,26/02/2025,19:30,Man United,Ipswich,3,2,H,2,2,D,D England,10,12,6,3,9,16,5,6,4,4,1,0,1.53,4.33,6,,,,1.5,4.5,6,1.53,4.69,5.8,1.53,4.4,5.5,1.56,4.74,5.76,1.56,4.75,6.5,1.52,4.55,5.83,1.56,4.8,6.6,1.67,2.2,1.65,2.33,1.69,2.34,1.64,2.29,1.69,2.4,-1,1.88,2.02,1.88,2.03,1.89,2.05,1.85,2,1.9,2.07,1.48,4.5,6.25,,,,1.5,4.5,6.5,1.52,4.52,6.65,1.53,4.33,5.8,1.54,4.47,6.45,1.56,4.75,6.86,1.51,4.5,6.35,1.55,4.7,7,1.67,2.2,1.67,2.31,1.69,2.38,1.64,2.28,1.72,2.38,-1,1.83,2.1,1.87,2.1,1.9,2.12,1.83,2.05,1.88,2.12
E0,26/02/2025,19:30,Nott'm Forest,Arsenal,0,0,D,0,0,D,A Madley,6,13,2,1,10,17,3,11,1,1,0,0,3.9,3.6,1.95,,,,3.9,3.4,2,4.02,3.51,1.99,3.9,3.4,1.95,4.04,3.57,2.01,4.1,3.6,2.02,3.94,3.48,1.98,4.1,3.65,2.06,2.2,1.67,2.23,1.7,2.24,1.75,2.17,1.71,2.24,1.78,0.5,1.9,2,1.9,2,1.91,2.01,1.87,1.98,1.93,2.06,4.2,3.4,1.91,,,,4.2,3.5,1.91,4.37,3.45,1.96,4,3.4,1.95,4.35,3.46,1.95,4.38,3.55,1.98,4.23,3.45,1.94,4.5,3.55,1.99,2.2,1.67,2.3,1.68,2.32,1.78,2.2,1.7,2.34,1.73,0.5,1.95,1.98,1.95,1.97,1.98,1.98,1.92,1.94,2,1.99
E0,26/02/2025,19:30,Tottenham,Man City,0,1,A,0,1,A,J Gillett,11,12,6,5,12,15,8,3,3,0,0,0,3.25,4,2,,,,3.3,4,2.05,3.23,4.15,2.07,3.2,4,2,3.3,4.18,2.07,3.35,4.25,2.1,3.22,4.09,2.04,3.45,4.2,2.1,1.36,3.2,1.36,3.24,1.37,3.4,1.34,3.29,1.39,3.45,0.5,1.84,2.06,1.84,2.08,1.87,2.08,1.82,2.04,1.89,2.1,3.8,4.2,1.8,,,,3.9,4.33,1.8,3.96,4.19,1.85,3.8,4,1.85,4.1,4.3,1.8,4.1,4.5,1.85,3.88,4.29,1.82,4.1,4.4,1.89,1.33,3.4,1.35,3.33,1.37,3.43,1.34,3.32,1.39,3.5,0.5,2.03,1.78,2.07,1.86,2.11,1.86,2.04,1.82,2.12,1.89
E0,26/02/2025,20:15,Liverpool,Newcastle,2,0,H,1,0,H,C Kavanagh,12,3,3,0,12,11,4,2,0,1,0,0,1.5,4.5,5.75,,,,1.5,4.75,5.5,1.53,4.86,5.67,1.53,4.6,5.5,1.54,4.89,5.85,1.54,5,6.1,1.52,4.77,5.64,1.54,5.2,6.2,1.44,2.75,1.47,2.77,1.48,2.95,1.44,2.79,1.49,2.98,-1,1.75,2.05,1.84,2.08,1.84,2.13,1.81,2.05,1.83,2.14,1.36,5.25,7.5,,,,1.36,5,8,1.37,5.65,8,1.36,5,7.5,1.4,5.38,7.69,1.41,5.7,8.5,1.37,5.47,7.71,1.4,5.7,8.8,1.4,3,1.43,2.97,1.47,3.16,1.42,2.94,1.47,3.05,-1.5,2.02,1.91,2.02,1.9,2.04,1.95,1.98,1.88,2.06,1.92